plot_id;species_ids
CBN-PdlC-A1-20130807;[1363875]
CBN-PdlC-A1-20130903;[1363875]
CBN-PdlC-A1-20140721;[1363875]
CBN-PdlC-A1-20140811;[1363875]
CBN-PdlC-A1-20140901;[1363875]
CBN-PdlC-A1-20150701;[1363875]
CBN-PdlC-A1-20150720;[1363875]
CBN-PdlC-A1-20150831;[1363875]
CBN-PdlC-A1-20160705;[1363875]
CBN-PdlC-A1-20160726;[1363875]
CBN-PdlC-A1-20170816;[1363875]
CBN-PdlC-A1-20170906;[1363875]
CBN-PdlC-A1-20180702;[1363875]
CBN-PdlC-A1-20180815;[1363875]
CBN-PdlC-A1-20180905;[1363875]
CBN-PdlC-A1-20190701;[1363875]
CBN-PdlC-A1-20190722;[1363875]
CBN-PdlC-A1-20190812;[1363875]
CBN-PdlC-A1-20190909;[1361862]
CBN-PdlC-A1-20200629;[1361862]
CBN-PdlC-A1-20200722;[1363875]
CBN-PdlC-A1-20200812;[1396099]
CBN-PdlC-A2-20130807;[1363875]
CBN-PdlC-A2-20130903;[1363875]
CBN-PdlC-A2-20140721;[1363875]
CBN-PdlC-A2-20140901;[1363875]
CBN-PdlC-A2-20150720;[1363875]
CBN-PdlC-A2-20150810;[1363875]
CBN-PdlC-A2-20150831;[1363875]
CBN-PdlC-A2-20160705;[1363875]
CBN-PdlC-A2-20160726;[1363875]
CBN-PdlC-A2-20170816;[1363875]
CBN-PdlC-A2-20180702;[1363875]
CBN-PdlC-A2-20180723;[1363875]
CBN-PdlC-A2-20180815;[1363875]
CBN-PdlC-A2-20180905;[1363875]
CBN-PdlC-A2-20190701;[1363875]
CBN-PdlC-A2-20190722;[1363875]
CBN-PdlC-A2-20190812;[1363875]
CBN-PdlC-A2-20190909;[1363875]
CBN-PdlC-A2-20200629;[1363875]
CBN-PdlC-A2-20200722;[1363875]
CBN-PdlC-A2-20200812;[1363875]
CBN-PdlC-A3-20130807;[1363875]
CBN-PdlC-A3-20130903;[1396355]
CBN-PdlC-A3-20140721;[1363875]
CBN-PdlC-A3-20140811;[1396355]
CBN-PdlC-A3-20140901;[1363875]
CBN-PdlC-A3-20150701;[1363875]
CBN-PdlC-A3-20150720;[1363875]
CBN-PdlC-A3-20150810;[1722403]
CBN-PdlC-A3-20150831;[1722403]
CBN-PdlC-A3-20160705;[1363875]
CBN-PdlC-A3-20160726;[1722403]
CBN-PdlC-A3-20170816;[1361862]
CBN-PdlC-A3-20170906;[1363875]
CBN-PdlC-A3-20180702;[1363875]
CBN-PdlC-A3-20180723;[1363875]
CBN-PdlC-A3-20180815;[1363875]
CBN-PdlC-A3-20180905;[1361862]
CBN-PdlC-A3-20190701;[1363875]
CBN-PdlC-A3-20190722;[1363875]
CBN-PdlC-A3-20190812;[1363875]
CBN-PdlC-A3-20190909;[1363875]
CBN-PdlC-A3-20200629;[1361862]
CBN-PdlC-A3-20200722;[1361862]
CBN-PdlC-A3-20200812;[1363875]
CBN-PdlC-A4-20130807;[1363875]
CBN-PdlC-A4-20130903;[1363875]
CBN-PdlC-A4-20140811;[1363875]
CBN-PdlC-A4-20140901;[1396099]
CBN-PdlC-A4-20150701;[1363875]
CBN-PdlC-A4-20150810;[1363875]
CBN-PdlC-A4-20150831;[1396099]
CBN-PdlC-A4-20160705;[1363875]
CBN-PdlC-A4-20160726;[1361862]
CBN-PdlC-A4-20170816;[1363875]
CBN-PdlC-A4-20170906;[1363875]
CBN-PdlC-A4-20180702;[1363875]
CBN-PdlC-A4-20180723;[1363875]
CBN-PdlC-A4-20180815;[1363875]
CBN-PdlC-A4-20180905;[1363875]
CBN-PdlC-A4-20190701;[1363875]
CBN-PdlC-A4-20190722;[1363875]
CBN-PdlC-A4-20190812;[1396099]
CBN-PdlC-A4-20190909;[1396099]
CBN-PdlC-A4-20200629;[1363875]
CBN-PdlC-A4-20200722;[1361862]
CBN-PdlC-A4-20200812;[1396099]
CBN-PdlC-A5-20130807;[1361862]
CBN-PdlC-A5-20130903;[1361862]
CBN-PdlC-A5-20140721;[1363875]
CBN-PdlC-A5-20140811;[1396099]
CBN-PdlC-A5-20150701;[1363875]
CBN-PdlC-A5-20150831;[1363875]
CBN-PdlC-A5-20160705;[1363875]
CBN-PdlC-A5-20160726;[1361862]
CBN-PdlC-A5-20170816;[1363875]
CBN-PdlC-A5-20170906;[1722403]
CBN-PdlC-A5-20180815;[1722403]
CBN-PdlC-A5-20180905;[1722403]
CBN-PdlC-A5-20190909;[1722403]
CBN-PdlC-A5-20200722;[1722403]
CBN-PdlC-A6-20130807;[1396099]
CBN-PdlC-A6-20130903;[1396099]
CBN-PdlC-A6-20140630;[1361862]
CBN-PdlC-A6-20140721;[1396099]
CBN-PdlC-A6-20140901;[1722403]
CBN-PdlC-A6-20150701;[1396099]
CBN-PdlC-A6-20150810;[1722403]
CBN-PdlC-A6-20150831;[1396099]
CBN-PdlC-A6-20160705;[1396099]
CBN-PdlC-A6-20160726;[1396099]
CBN-PdlC-A6-20170816;[1361862]
CBN-PdlC-A6-20170906;[1396099]
CBN-PdlC-A6-20180702;[1363875]
CBN-PdlC-A6-20180723;[1722403]
CBN-PdlC-A6-20180815;[1722403]
CBN-PdlC-A6-20180905;[1361862]
CBN-PdlC-A6-20190701;[1363875]
CBN-PdlC-A6-20190722;[1722403]
CBN-PdlC-A6-20190812;[1361862]
CBN-PdlC-A6-20190909;[1722403]
CBN-PdlC-A6-20200722;[1396099]
CBN-PdlC-A6-20200812;[1396099]
CBN-PdlC-B1-20130807;[1363875]
CBN-PdlC-B1-20130903;[1396099]
CBN-PdlC-B1-20140721;[1363875]
CBN-PdlC-B1-20140811;[1396099]
CBN-PdlC-B1-20140901;[1396099]
CBN-PdlC-B1-20150701;[1363875]
CBN-PdlC-B1-20150720;[1396099]
CBN-PdlC-B1-20150810;[1722403]
CBN-PdlC-B1-20150831;[1396355]
CBN-PdlC-B1-20160705;[1363875]
CBN-PdlC-B1-20160726;[1396099]
CBN-PdlC-B1-20170816;[1396099]
CBN-PdlC-B1-20170906;[1363875]
CBN-PdlC-B1-20180702;[1396099]
CBN-PdlC-B1-20180723;[1396099]
CBN-PdlC-B1-20180815;[1396099]
CBN-PdlC-B1-20180905;[1396099]
CBN-PdlC-B1-20190701;[1363875]
CBN-PdlC-B1-20190722;[1396099]
CBN-PdlC-B1-20190812;[1396099]
CBN-PdlC-B1-20190909;[1396355]
CBN-PdlC-B1-20200629;[1363875]
CBN-PdlC-B1-20200722;[1396099]
CBN-PdlC-B1-20200812;[1396099]
CBN-PdlC-B2-20130807;[1396099]
CBN-PdlC-B2-20130903;[1396099]
CBN-PdlC-B2-20140721;[1396099]
CBN-PdlC-B2-20140811;[1396099]
CBN-PdlC-B2-20140901;[1396099]
CBN-PdlC-B2-20150701;[1396355]
CBN-PdlC-B2-20150720;[1396099]
CBN-PdlC-B2-20150810;[1396099]
CBN-PdlC-B2-20150831;[1396099]
CBN-PdlC-B2-20160705;[1396099]
CBN-PdlC-B2-20160726;[1396099]
CBN-PdlC-B2-20170816;[1396099]
CBN-PdlC-B2-20170906;[1396099]
CBN-PdlC-B2-20180702;[1396099]
CBN-PdlC-B2-20180723;[1396099]
CBN-PdlC-B2-20180815;[1396355]
CBN-PdlC-B2-20180905;[1396355]
CBN-PdlC-B2-20190701;[1396355]
CBN-PdlC-B2-20190722;[1396099]
CBN-PdlC-B2-20190812;[1396099]
CBN-PdlC-B2-20190909;[1396099]
CBN-PdlC-B2-20200629;[1722403]
CBN-PdlC-B2-20200722;[1396099]
CBN-PdlC-B2-20200812;[1396099]
CBN-PdlC-B3-20130807;[1363875]
CBN-PdlC-B3-20130903;[1722403]
CBN-PdlC-B3-20140721;[1722403]
CBN-PdlC-B3-20140811;[1722403]
CBN-PdlC-B3-20140901;[1722403]
CBN-PdlC-B3-20150701;[1722403]
CBN-PdlC-B3-20150810;[1396355]
CBN-PdlC-B3-20150831;[1396355]
CBN-PdlC-B3-20160705;[1363875]
CBN-PdlC-B3-20160726;[1396355]
CBN-PdlC-B3-20170816;[1722403]
CBN-PdlC-B3-20170906;[1396355]
CBN-PdlC-B3-20180702;[1396355]
CBN-PdlC-B3-20180723;[1396355]
CBN-PdlC-B3-20180815;[1363875]
CBN-PdlC-B3-20180905;[1396355]
CBN-PdlC-B3-20190701;[1363875]
CBN-PdlC-B3-20190722;[1396355]
CBN-PdlC-B3-20190812;[1396355]
CBN-PdlC-B3-20190909;[1396355]
CBN-PdlC-B3-20200629;[1722403]
CBN-PdlC-B3-20200722;[1363875]
CBN-PdlC-B3-20200812;[1722403]
CBN-PdlC-B4-20130807;[1396099]
CBN-PdlC-B4-20130903;[1722403]
CBN-PdlC-B4-20140721;[1396355]
CBN-PdlC-B4-20140811;[1363875]
CBN-PdlC-B4-20140901;[1361862]
CBN-PdlC-B4-20150701;[1363875]
CBN-PdlC-B4-20150810;[1363875]
CBN-PdlC-B4-20150831;[1363875]
CBN-PdlC-B4-20160726;[1396355]
CBN-PdlC-B4-20170816;[1722403]
CBN-PdlC-B4-20170906;[1722403]
CBN-PdlC-B4-20180702;[1722403]
CBN-PdlC-B4-20180723;[1363875]
CBN-PdlC-B4-20180815;[1361862]
CBN-PdlC-B4-20180905;[1722403]
CBN-PdlC-B4-20190701;[1396355]
CBN-PdlC-B4-20190722;[1363875]
CBN-PdlC-B4-20190812;[1363875]
CBN-PdlC-B4-20190909;[1722403]
CBN-PdlC-B4-20200629;[1396355]
CBN-PdlC-B4-20200722;[1363875]
CBN-PdlC-B4-20200812;[1722403]
CBN-PdlC-B5-20130807;[1722403]
CBN-PdlC-B5-20130903;[1361862]
CBN-PdlC-B5-20140630;[1361862]
CBN-PdlC-B5-20140721;[1361862]
CBN-PdlC-B5-20140811;[1363875]
CBN-PdlC-B5-20140901;[1722403]
CBN-PdlC-B5-20150701;[1722403]
CBN-PdlC-B5-20150720;[1396099]
CBN-PdlC-B5-20150810;[1396355]
CBN-PdlC-B5-20150831;[1396099]
CBN-PdlC-B5-20160705;[1396099]
CBN-PdlC-B5-20160726;[1396099]
CBN-PdlC-B5-20170816;[1363875]
CBN-PdlC-B5-20170906;[1396355]
CBN-PdlC-B5-20180702;[1363875]
CBN-PdlC-B5-20180723;[1722403]
CBN-PdlC-B5-20180815;[1396099]
CBN-PdlC-B5-20180905;[1361862]
CBN-PdlC-B5-20190701;[1363875]
CBN-PdlC-B5-20190722;[1363875]
CBN-PdlC-B5-20190812;[1363875]
CBN-PdlC-B5-20190909;[1396355]
CBN-PdlC-B5-20200629;[1363875]
CBN-PdlC-B5-20200722;[1396099]
CBN-PdlC-B5-20200812;[1363875]
CBN-PdlC-B6-20130807;[1363875]
CBN-PdlC-B6-20130903;[1396099]
CBN-PdlC-B6-20140630;[1363875]
CBN-PdlC-B6-20140721;[1363875]
CBN-PdlC-B6-20140811;[1396099]
CBN-PdlC-B6-20140901;[1363875]
CBN-PdlC-B6-20150701;[1363875]
CBN-PdlC-B6-20150720;[1361862]
CBN-PdlC-B6-20150810;[1363875]
CBN-PdlC-B6-20150831;[1363875]
CBN-PdlC-B6-20160705;[1363875]
CBN-PdlC-B6-20160726;[1363875]
CBN-PdlC-B6-20170816;[1396355]
CBN-PdlC-B6-20170906;[1363875]
CBN-PdlC-B6-20180702;[1363875]
CBN-PdlC-B6-20180723;[1396099]
CBN-PdlC-B6-20180905;[1363875]
CBN-PdlC-B6-20190701;[1363875]
CBN-PdlC-B6-20190722;[1396099]
CBN-PdlC-B6-20190812;[1396099]
CBN-PdlC-B6-20190909;[1361862]
CBN-PdlC-B6-20200629;[1396355]
CBN-PdlC-B6-20200722;[1396099]
CBN-PdlC-B6-20200812;[1396355]
CBN-PdlC-C1-20130807;[1396099]
CBN-PdlC-C1-20130903;[1396099]
CBN-PdlC-C1-20140721;[1363875]
CBN-PdlC-C1-20140811;[1396099]
CBN-PdlC-C1-20140901;[1396099]
CBN-PdlC-C1-20150701;[1363875]
CBN-PdlC-C1-20150720;[1396099]
CBN-PdlC-C1-20150810;[1396099]
CBN-PdlC-C1-20150831;[1396099]
CBN-PdlC-C1-20160705;[1363875]
CBN-PdlC-C1-20160726;[1722403]
CBN-PdlC-C1-20170816;[1363875]
CBN-PdlC-C1-20170906;[1363875]
CBN-PdlC-C1-20180723;[1363875]
CBN-PdlC-C1-20180815;[1396099]
CBN-PdlC-C1-20180905;[1361862]
CBN-PdlC-C1-20190701;[1363875]
CBN-PdlC-C1-20190722;[1396099]
CBN-PdlC-C1-20190812;[1396099]
CBN-PdlC-C1-20190909;[1396099]
CBN-PdlC-C1-20200722;[1396099]
CBN-PdlC-C1-20200812;[1363875]
CBN-PdlC-C2-20130903;[1396355]
CBN-PdlC-C2-20140721;[1363875]
CBN-PdlC-C2-20140811;[1396099]
CBN-PdlC-C2-20140901;[1396355]
CBN-PdlC-C2-20150701;[1396355]
CBN-PdlC-C2-20150720;[1396355]
CBN-PdlC-C2-20150810;[1396355]
CBN-PdlC-C2-20150831;[1396355]
CBN-PdlC-C2-20160705;[1363875]
CBN-PdlC-C2-20160726;[1396099]
CBN-PdlC-C2-20170816;[1396099]
CBN-PdlC-C2-20170906;[1363875]
CBN-PdlC-C2-20180723;[1396355]
CBN-PdlC-C2-20180815;[1361862]
CBN-PdlC-C2-20180905;[1363875]
CBN-PdlC-C2-20190701;[1363875]
CBN-PdlC-C2-20190722;[1396099]
CBN-PdlC-C2-20190812;[1363875]
CBN-PdlC-C2-20190909;[1361862]
CBN-PdlC-C2-20200722;[1396099]
CBN-PdlC-C2-20200812;[1363875]
CBN-PdlC-C3-20130807;[1396099]
CBN-PdlC-C3-20130903;[1396099]
CBN-PdlC-C3-20140721;[1396099]
CBN-PdlC-C3-20140811;[1396099]
CBN-PdlC-C3-20140901;[1396099]
CBN-PdlC-C3-20150701;[1396099]
CBN-PdlC-C3-20150720;[1363875]
CBN-PdlC-C3-20150831;[1361862]
CBN-PdlC-C3-20160705;[1396099]
CBN-PdlC-C3-20160726;[1396099]
CBN-PdlC-C3-20170816;[1396099]
CBN-PdlC-C3-20170906;[1396099]
CBN-PdlC-C3-20180723;[1396099]
CBN-PdlC-C3-20180815;[1396099]
CBN-PdlC-C3-20180905;[1396099]
CBN-PdlC-C3-20190701;[1361862]
CBN-PdlC-C3-20190722;[1396099]
CBN-PdlC-C3-20190812;[1396099]
CBN-PdlC-C3-20190909;[1396099]
CBN-PdlC-C3-20200722;[1396099]
CBN-PdlC-C3-20200812;[1396099]
CBN-PdlC-C4-20130807;[1396355]
CBN-PdlC-C4-20130903;[1361862]
CBN-PdlC-C4-20140721;[1363875]
CBN-PdlC-C4-20140811;[1363875]
CBN-PdlC-C4-20140901;[1363875]
CBN-PdlC-C4-20150701;[1363875]
CBN-PdlC-C4-20150720;[1396099]
CBN-PdlC-C4-20150831;[1361862]
CBN-PdlC-C4-20160705;[1363875]
CBN-PdlC-C4-20160726;[1361862]
CBN-PdlC-C4-20170816;[1396099]
CBN-PdlC-C4-20170906;[1363875]
CBN-PdlC-C4-20180723;[1361862]
CBN-PdlC-C4-20180815;[1396355]
CBN-PdlC-C4-20180905;[1363875]
CBN-PdlC-C4-20190701;[1396099]
CBN-PdlC-C4-20190722;[1363875]
CBN-PdlC-C4-20190812;[1396099]
CBN-PdlC-C4-20190909;[1361862]
CBN-PdlC-C4-20200722;[1396099]
CBN-PdlC-C4-20200812;[1396099]
CBN-PdlC-C5-20130807;[1363875]
CBN-PdlC-C5-20130903;[1722403]
CBN-PdlC-C5-20140721;[1722403]
CBN-PdlC-C5-20140811;[1722403]
CBN-PdlC-C5-20140901;[1722403]
CBN-PdlC-C5-20150701;[1722403]
CBN-PdlC-C5-20150720;[1363875]
CBN-PdlC-C5-20150810;[1722403]
CBN-PdlC-C5-20150831;[1363875]
CBN-PdlC-C5-20160705;[1363875]
CBN-PdlC-C5-20160726;[1722403]
CBN-PdlC-C5-20170816;[1396099]
CBN-PdlC-C5-20170906;[1363875]
CBN-PdlC-C5-20180723;[1361862]
CBN-PdlC-C5-20180815;[1722403]
CBN-PdlC-C5-20180905;[1722403]
CBN-PdlC-C5-20190701;[1361862]
CBN-PdlC-C5-20190722;[1722403]
CBN-PdlC-C5-20190812;[1722403]
CBN-PdlC-C5-20190909;[1722403]
CBN-PdlC-C5-20200722;[1722403]
CBN-PdlC-C5-20200812;[1722403]
CBN-PdlC-C6-20130807;[1396099]
CBN-PdlC-C6-20130903;[1722403]
CBN-PdlC-C6-20140721;[1363875]
CBN-PdlC-C6-20140811;[1722403]
CBN-PdlC-C6-20140901;[1396099]
CBN-PdlC-C6-20150701;[1363875]
CBN-PdlC-C6-20150720;[1396099]
CBN-PdlC-C6-20150810;[1396099]
CBN-PdlC-C6-20150831;[1363875]
CBN-PdlC-C6-20160705;[1361862]
CBN-PdlC-C6-20160726;[1722403]
CBN-PdlC-C6-20170816;[1722403]
CBN-PdlC-C6-20170906;[1361862]
CBN-PdlC-C6-20180723;[1722403]
CBN-PdlC-C6-20180815;[1361862]
CBN-PdlC-C6-20180905;[1396099]
CBN-PdlC-C6-20190701;[1396355]
CBN-PdlC-C6-20190722;[1396099]
CBN-PdlC-C6-20190812;[1722403]
CBN-PdlC-C6-20190909;[1722403]
CBN-PdlC-C6-20200722;[1396099]
CBN-PdlC-C6-20200812;[1396099]
CBN-PdlC-D1-20130807;[1722403]
CBN-PdlC-D1-20130903;[1396099]
CBN-PdlC-D1-20140721;[1363875]
CBN-PdlC-D1-20140811;[1363875]
CBN-PdlC-D1-20140901;[1361862]
CBN-PdlC-D1-20150701;[1363875]
CBN-PdlC-D1-20150720;[1361862]
CBN-PdlC-D1-20150810;[1363875]
CBN-PdlC-D1-20150831;[1396099]
CBN-PdlC-D1-20160705;[1361862]
CBN-PdlC-D1-20160726;[1361862]
CBN-PdlC-D1-20170816;[1361862]
CBN-PdlC-D1-20170906;[1361862]
CBN-PdlC-D1-20180723;[1363875]
CBN-PdlC-D1-20180815;[1361862]
CBN-PdlC-D1-20180905;[1361862]
CBN-PdlC-D1-20190701;[1363875]
CBN-PdlC-D1-20190722;[1361862]
CBN-PdlC-D1-20190812;[1396099]
CBN-PdlC-D1-20190909;[1361862]
CBN-PdlC-D1-20200722;[1722403]
CBN-PdlC-D1-20200812;[1361862]
CBN-PdlC-D2-20130807;[1361862]
CBN-PdlC-D2-20130903;[1722403]
CBN-PdlC-D2-20140721;[1361862]
CBN-PdlC-D2-20140811;[1363875]
CBN-PdlC-D2-20140901;[1361862]
CBN-PdlC-D2-20150720;[1361862]
CBN-PdlC-D2-20150810;[1722403]
CBN-PdlC-D2-20150831;[1361862]
CBN-PdlC-D2-20160705;[1363875]
CBN-PdlC-D2-20160726;[1361862]
CBN-PdlC-D2-20170816;[1363875]
CBN-PdlC-D2-20170906;[1722403]
CBN-PdlC-D2-20180723;[1363875]
CBN-PdlC-D2-20180815;[1363875]
CBN-PdlC-D2-20180905;[1396099]
CBN-PdlC-D2-20190701;[1363875]
CBN-PdlC-D2-20190722;[1361862]
CBN-PdlC-D2-20190812;[1396099]
CBN-PdlC-D2-20190909;[1361862]
CBN-PdlC-D2-20200722;[1363875]
CBN-PdlC-D2-20200812;[1361862]
CBN-PdlC-D3-20130807;[1361862]
CBN-PdlC-D3-20130903;[1722403]
CBN-PdlC-D3-20140721;[1722403]
CBN-PdlC-D3-20140811;[1361862]
CBN-PdlC-D3-20140901;[1361862]
CBN-PdlC-D3-20150701;[1361862]
CBN-PdlC-D3-20150720;[1722403]
CBN-PdlC-D3-20150831;[1361862]
CBN-PdlC-D3-20160705;[1722403]
CBN-PdlC-D3-20160726;[1396355]
CBN-PdlC-D3-20170816;[1722403]
CBN-PdlC-D3-20170906;[1722403]
CBN-PdlC-D3-20180723;[1361862]
CBN-PdlC-D3-20180815;[1363875]
CBN-PdlC-D3-20180905;[1361862]
CBN-PdlC-D3-20190701;[1722403]
CBN-PdlC-D3-20190722;[1722403]
CBN-PdlC-D3-20190812;[1722403]
CBN-PdlC-D3-20190909;[1396355]
CBN-PdlC-D3-20200722;[1722403]
CBN-PdlC-D3-20200812;[1361862]
CBN-PdlC-D4-20130807;[1396099]
CBN-PdlC-D4-20130903;[1396099]
CBN-PdlC-D4-20140721;[1363875]
CBN-PdlC-D4-20140811;[1396099]
CBN-PdlC-D4-20140901;[1363875]
CBN-PdlC-D4-20150701;[1361862]
CBN-PdlC-D4-20150720;[1396099]
CBN-PdlC-D4-20150831;[1396099]
CBN-PdlC-D4-20160705;[1363875]
CBN-PdlC-D4-20160726;[1396099]
CBN-PdlC-D4-20170816;[1396099]
CBN-PdlC-D4-20170906;[1396099]
CBN-PdlC-D4-20180723;[1396099]
CBN-PdlC-D4-20180815;[1363875]
CBN-PdlC-D4-20180905;[1396099]
CBN-PdlC-D4-20190701;[1363875]
CBN-PdlC-D4-20190722;[1396099]
CBN-PdlC-D4-20190812;[1363875]
CBN-PdlC-D4-20190909;[1361862]
CBN-PdlC-D4-20200722;[1361862]
CBN-PdlC-D4-20200812;[1396355]
CBN-PdlC-D5-20130807;[1396099]
CBN-PdlC-D5-20130903;[1396099]
CBN-PdlC-D5-20140721;[1361862]
CBN-PdlC-D5-20140811;[1396099]
CBN-PdlC-D5-20140901;[1396099]
CBN-PdlC-D5-20150701;[1363875]
CBN-PdlC-D5-20150720;[1396099]
CBN-PdlC-D5-20150810;[1396099]
CBN-PdlC-D5-20150831;[1396099]
CBN-PdlC-D5-20160705;[1396099]
CBN-PdlC-D5-20160726;[1396099]
CBN-PdlC-D5-20170816;[1396099]
CBN-PdlC-D5-20170906;[1396099]
CBN-PdlC-D5-20180723;[1722403]
CBN-PdlC-D5-20180815;[1363875]
CBN-PdlC-D5-20180905;[1396355]
CBN-PdlC-D5-20190701;[1363875]
CBN-PdlC-D5-20190722;[1722403]
CBN-PdlC-D5-20190812;[1396099]
CBN-PdlC-D5-20190909;[1396099]
CBN-PdlC-D5-20200722;[1396099]
CBN-PdlC-D5-20200812;[1363875]
CBN-PdlC-D6-20130807;[1361862]
CBN-PdlC-D6-20130903;[1722403]
CBN-PdlC-D6-20140721;[1363875]
CBN-PdlC-D6-20140811;[1363875]
CBN-PdlC-D6-20140901;[1396099]
CBN-PdlC-D6-20150701;[1363875]
CBN-PdlC-D6-20150720;[1363875]
CBN-PdlC-D6-20150810;[1363875]
CBN-PdlC-D6-20150831;[1363875]
CBN-PdlC-D6-20160705;[1363875]
CBN-PdlC-D6-20160726;[1396099]
CBN-PdlC-D6-20170816;[1396355]
CBN-PdlC-D6-20170906;[1363875]
CBN-PdlC-D6-20180723;[1361862]
CBN-PdlC-D6-20180815;[1361862]
CBN-PdlC-D6-20180905;[1363875]
CBN-PdlC-D6-20190701;[1361862]
CBN-PdlC-D6-20190722;[1361862]
CBN-PdlC-D6-20190812;[1396099]
CBN-PdlC-D6-20190909;[1396099]
CBN-PdlC-D6-20200722;[1363875]
CBN-PdlC-D6-20200812;[1722403]
CBN-PdlC-E1-20130723;[1363875]
CBN-PdlC-E1-20130807;[1363875]
CBN-PdlC-E1-20130903;[1396099]
CBN-PdlC-E1-20140630;[1396099]
CBN-PdlC-E1-20140721;[1396099]
CBN-PdlC-E1-20140811;[1361862]
CBN-PdlC-E1-20140901;[1396099]
CBN-PdlC-E1-20150701;[1396099]
CBN-PdlC-E1-20150720;[1363875]
CBN-PdlC-E1-20150810;[1363875]
CBN-PdlC-E1-20150831;[1396099]
CBN-PdlC-E1-20160705;[1396099]
CBN-PdlC-E1-20160726;[1396099]
CBN-PdlC-E1-20170816;[1396099]
CBN-PdlC-E1-20170906;[1396099]
CBN-PdlC-E1-20180702;[1396099]
CBN-PdlC-E1-20180723;[1396099]
CBN-PdlC-E1-20180815;[1363875]
CBN-PdlC-E1-20180905;[1396099]
CBN-PdlC-E1-20190701;[1396099]
CBN-PdlC-E1-20190812;[1361862]
CBN-PdlC-E1-20190909;[1363875]
CBN-PdlC-E1-20200629;[1361862]
CBN-PdlC-E1-20200722;[1361862]
CBN-PdlC-E1-20200812;[1363875]
CBN-PdlC-E2-20130723;[1396355]
CBN-PdlC-E2-20130807;[1396099]
CBN-PdlC-E2-20130903;[1396099]
CBN-PdlC-E2-20140630;[1396355]
CBN-PdlC-E2-20140721;[1396099]
CBN-PdlC-E2-20140811;[1396099]
CBN-PdlC-E2-20140901;[1396099]
CBN-PdlC-E2-20150720;[1361862]
CBN-PdlC-E2-20150810;[1396099]
CBN-PdlC-E2-20150831;[1363875]
CBN-PdlC-E2-20160705;[1396355]
CBN-PdlC-E2-20160726;[1396355]
CBN-PdlC-E2-20170816;[1363875]
CBN-PdlC-E2-20170906;[1363875]
CBN-PdlC-E2-20180702;[1361862]
CBN-PdlC-E2-20180723;[1396355]
CBN-PdlC-E2-20180815;[1396099]
CBN-PdlC-E2-20180905;[1361862]
CBN-PdlC-E2-20190701;[1363875]
CBN-PdlC-E2-20190812;[1396099]
CBN-PdlC-E2-20190909;[1363875]
CBN-PdlC-E2-20200629;[1363875]
CBN-PdlC-E2-20200722;[1361862]
CBN-PdlC-E2-20200812;[1363875]
CBN-PdlC-E3-20130723;[1396099]
CBN-PdlC-E3-20130807;[1396099]
CBN-PdlC-E3-20130903;[1396099]
CBN-PdlC-E3-20140630;[1363875]
CBN-PdlC-E3-20140721;[1396099]
CBN-PdlC-E3-20140811;[1396099]
CBN-PdlC-E3-20140901;[1396099]
CBN-PdlC-E3-20150701;[1396099]
CBN-PdlC-E3-20150720;[1396099]
CBN-PdlC-E3-20150810;[1396099]
CBN-PdlC-E3-20150831;[1396099]
CBN-PdlC-E3-20160705;[1396099]
CBN-PdlC-E3-20160726;[1396099]
CBN-PdlC-E3-20170816;[1361862]
CBN-PdlC-E3-20170906;[1363875]
CBN-PdlC-E3-20180702;[1363875]
CBN-PdlC-E3-20180723;[1396099]
CBN-PdlC-E3-20180815;[1396099]
CBN-PdlC-E3-20180905;[1396099]
CBN-PdlC-E3-20190701;[1396099]
CBN-PdlC-E3-20190812;[1396099]
CBN-PdlC-E3-20190909;[1396099]
CBN-PdlC-E3-20200629;[1361862]
CBN-PdlC-E3-20200722;[1396099]
CBN-PdlC-E3-20200812;[1396099]
CBN-PdlC-E4-20130807;[1363875]
CBN-PdlC-E4-20130903;[1363875]
CBN-PdlC-E4-20140630;[1363875]
CBN-PdlC-E4-20140721;[1363875]
CBN-PdlC-E4-20140811;[1396099]
CBN-PdlC-E4-20140901;[1361862]
CBN-PdlC-E4-20150701;[1361862]
CBN-PdlC-E4-20150720;[1396099]
CBN-PdlC-E4-20150810;[1396099]
CBN-PdlC-E4-20160705;[1396099]
CBN-PdlC-E4-20160726;[1361862]
CBN-PdlC-E4-20170816;[1396099]
CBN-PdlC-E4-20170906;[1396099]
CBN-PdlC-E4-20180702;[1396099]
CBN-PdlC-E4-20180723;[1396099]
CBN-PdlC-E4-20180815;[1396099]
CBN-PdlC-E4-20180905;[1361862]
CBN-PdlC-E4-20190701;[1396099]
CBN-PdlC-E4-20190812;[1396099]
CBN-PdlC-E4-20190909;[1396099]
CBN-PdlC-E4-20200629;[1361862]
CBN-PdlC-E4-20200722;[1396099]
CBN-PdlC-E4-20200812;[1396099]
CBN-PdlC-E5-20130723;[1396355]
CBN-PdlC-E5-20130807;[1396099]
CBN-PdlC-E5-20130903;[1396099]
CBN-PdlC-E5-20140630;[1361862]
CBN-PdlC-E5-20140721;[1396099]
CBN-PdlC-E5-20140811;[1361862]
CBN-PdlC-E5-20150720;[1363875]
CBN-PdlC-E5-20150810;[1363875]
CBN-PdlC-E5-20150831;[1363875]
CBN-PdlC-E5-20160705;[1363875]
CBN-PdlC-E5-20160726;[1396099]
CBN-PdlC-E5-20170816;[1396099]
CBN-PdlC-E5-20170906;[1363875]
CBN-PdlC-E5-20180702;[1363875]
CBN-PdlC-E5-20180723;[1396099]
CBN-PdlC-E5-20180815;[1396099]
CBN-PdlC-E5-20180905;[1396099]
CBN-PdlC-E5-20190722;[1396099]
CBN-PdlC-E5-20190812;[1361862]
CBN-PdlC-E5-20190909;[1363875]
CBN-PdlC-E5-20200629;[1396099]
CBN-PdlC-E5-20200722;[1361862]
CBN-PdlC-E5-20200812;[1396099]
CBN-PdlC-E6-20130723;[1396099]
CBN-PdlC-E6-20130807;[1396099]
CBN-PdlC-E6-20130903;[1363875]
CBN-PdlC-E6-20140630;[1363875]
CBN-PdlC-E6-20140721;[1396099]
CBN-PdlC-E6-20140811;[1396099]
CBN-PdlC-E6-20150701;[1396099]
CBN-PdlC-E6-20150720;[1396099]
CBN-PdlC-E6-20150810;[1396099]
CBN-PdlC-E6-20150831;[1361862]
CBN-PdlC-E6-20160705;[1396099]
CBN-PdlC-E6-20160726;[1396099]
CBN-PdlC-E6-20170816;[1396099]
CBN-PdlC-E6-20170906;[1396099]
CBN-PdlC-E6-20180702;[1363875]
CBN-PdlC-E6-20180723;[1396099]
CBN-PdlC-E6-20180815;[1396099]
CBN-PdlC-E6-20180905;[1396099]
CBN-PdlC-E6-20190722;[1396099]
CBN-PdlC-E6-20190812;[1396099]
CBN-PdlC-E6-20190909;[1396099]
CBN-PdlC-E6-20200629;[1361862]
CBN-PdlC-E6-20200722;[1396099]
CBN-PdlC-E6-20200812;[1396099]
CBN-PdlC-F1-20130723;[1363875]
CBN-PdlC-F1-20130807;[1363875]
CBN-PdlC-F1-20130903;[1396355]
CBN-PdlC-F1-20140630;[1361862]
CBN-PdlC-F1-20140721;[1361862]
CBN-PdlC-F1-20140811;[1361862]
CBN-PdlC-F1-20140901;[1361862]
CBN-PdlC-F1-20150701;[1396099]
CBN-PdlC-F1-20150720;[1361862]
CBN-PdlC-F1-20150810;[1396099]
CBN-PdlC-F1-20150831;[1361862]
CBN-PdlC-F1-20160705;[1363875]
CBN-PdlC-F1-20160726;[1396099]
CBN-PdlC-F1-20170816;[1363875]
CBN-PdlC-F1-20170906;[1363875]
CBN-PdlC-F1-20180702;[1363875]
CBN-PdlC-F1-20180723;[1361862]
CBN-PdlC-F1-20180815;[1396355]
CBN-PdlC-F1-20180905;[1363875]
CBN-PdlC-F1-20190701;[1363875]
CBN-PdlC-F1-20190812;[1396355]
CBN-PdlC-F1-20190909;[1363875]
CBN-PdlC-F1-20200629;[1361862]
CBN-PdlC-F1-20200722;[1396099]
CBN-PdlC-F1-20200812;[1363875]
CBN-PdlC-F2-20130723;[1396355]
CBN-PdlC-F2-20130807;[1363875]
CBN-PdlC-F2-20130903;[1396099]
CBN-PdlC-F2-20140630;[1361862]
CBN-PdlC-F2-20140721;[1396099]
CBN-PdlC-F2-20140811;[1396099]
CBN-PdlC-F2-20140901;[1361862]
CBN-PdlC-F2-20150701;[1396099]
CBN-PdlC-F2-20150720;[1396099]
CBN-PdlC-F2-20150810;[1396099]
CBN-PdlC-F2-20150831;[1396099]
CBN-PdlC-F2-20160705;[1396099]
CBN-PdlC-F2-20160726;[1396099]
CBN-PdlC-F2-20170906;[1396099]
CBN-PdlC-F2-20180702;[1361862]
CBN-PdlC-F2-20180723;[1396099]
CBN-PdlC-F2-20180815;[1396099]
CBN-PdlC-F2-20180905;[1396099]
CBN-PdlC-F2-20190701;[1396355]
CBN-PdlC-F2-20190812;[1396099]
CBN-PdlC-F2-20190909;[1361862]
CBN-PdlC-F2-20200629;[1396099]
CBN-PdlC-F2-20200722;[1361862]
CBN-PdlC-F2-20200812;[1396099]
CBN-PdlC-F3-20130723;[1363875]
CBN-PdlC-F3-20130807;[1363875]
CBN-PdlC-F3-20130903;[1363875]
CBN-PdlC-F3-20140630;[1396099]
CBN-PdlC-F3-20140721;[1396099]
CBN-PdlC-F3-20140811;[1396099]
CBN-PdlC-F3-20140901;[1396099]
CBN-PdlC-F3-20150701;[1722403]
CBN-PdlC-F3-20150720;[1722403]
CBN-PdlC-F3-20150810;[1396099]
CBN-PdlC-F3-20150831;[1722403]
CBN-PdlC-F3-20160705;[1722403]
CBN-PdlC-F3-20160726;[1396099]
CBN-PdlC-F3-20170816;[1363875]
CBN-PdlC-F3-20170906;[1722403]
CBN-PdlC-F3-20180702;[1722403]
CBN-PdlC-F3-20180723;[1396099]
CBN-PdlC-F3-20180815;[1361862]
CBN-PdlC-F3-20180905;[1722403]
CBN-PdlC-F3-20190701;[1361862]
CBN-PdlC-F3-20190722;[1722403]
CBN-PdlC-F3-20190812;[1722403]
CBN-PdlC-F3-20190909;[1396099]
CBN-PdlC-F3-20200629;[1361862]
CBN-PdlC-F3-20200722;[1722403]
CBN-PdlC-F3-20200812;[1722403]
CBN-PdlC-F4-20130723;[1396099]
CBN-PdlC-F4-20130807;[1396099]
CBN-PdlC-F4-20130903;[1396099]
CBN-PdlC-F4-20140630;[1361862]
CBN-PdlC-F4-20140811;[1396099]
CBN-PdlC-F4-20140901;[1396099]
CBN-PdlC-F4-20150701;[1396099]
CBN-PdlC-F4-20150720;[1361862]
CBN-PdlC-F4-20150810;[1363875]
CBN-PdlC-F4-20150831;[1361862]
CBN-PdlC-F4-20160705;[1361862]
CBN-PdlC-F4-20160726;[1396099]
CBN-PdlC-F4-20170816;[1361862]
CBN-PdlC-F4-20170906;[1363875]
CBN-PdlC-F4-20180702;[1396099]
CBN-PdlC-F4-20180723;[1396099]
CBN-PdlC-F4-20180815;[1363875]
CBN-PdlC-F4-20180905;[1363875]
CBN-PdlC-F4-20190701;[1396099]
CBN-PdlC-F4-20190722;[1396099]
CBN-PdlC-F4-20190812;[1363875]
CBN-PdlC-F4-20190909;[1396099]
CBN-PdlC-F4-20200629;[1363875]
CBN-PdlC-F4-20200722;[1396099]
CBN-PdlC-F4-20200812;[1396099]
CBN-PdlC-F5-20130723;[1396099]
CBN-PdlC-F5-20130903;[1363875]
CBN-PdlC-F5-20140630;[1396099]
CBN-PdlC-F5-20140721;[1361862]
CBN-PdlC-F5-20140811;[1363875]
CBN-PdlC-F5-20150701;[1363875]
CBN-PdlC-F5-20150720;[1363875]
CBN-PdlC-F5-20150810;[1363875]
CBN-PdlC-F5-20150831;[1361862]
CBN-PdlC-F5-20160705;[1396099]
CBN-PdlC-F5-20160726;[1363875]
CBN-PdlC-F5-20170816;[1363875]
CBN-PdlC-F5-20170906;[1363875]
CBN-PdlC-F5-20180702;[1363875]
CBN-PdlC-F5-20180723;[1361862]
CBN-PdlC-F5-20180815;[1361862]
CBN-PdlC-F5-20180905;[1361862]
CBN-PdlC-F5-20190722;[1361862]
CBN-PdlC-F5-20190812;[1363875]
CBN-PdlC-F5-20190909;[1363875]
CBN-PdlC-F5-20200629;[1396099]
CBN-PdlC-F5-20200722;[1361862]
CBN-PdlC-F5-20200812;[1361862]
CBN-PdlC-F6-20130723;[1363875]
CBN-PdlC-F6-20130807;[1722403]
CBN-PdlC-F6-20130903;[1363875]
CBN-PdlC-F6-20140630;[1363875]
CBN-PdlC-F6-20140721;[1363875]
CBN-PdlC-F6-20140811;[1361862]
CBN-PdlC-F6-20150701;[1363875]
CBN-PdlC-F6-20150720;[1363875]
CBN-PdlC-F6-20150810;[1363875]
CBN-PdlC-F6-20150831;[1363875]
CBN-PdlC-F6-20160705;[1361862]
CBN-PdlC-F6-20160726;[1396099]
CBN-PdlC-F6-20170816;[1361862]
CBN-PdlC-F6-20170906;[1363875]
CBN-PdlC-F6-20180702;[1361862]
CBN-PdlC-F6-20180723;[1361862]
CBN-PdlC-F6-20180815;[1361862]
CBN-PdlC-F6-20180905;[1361862]
CBN-PdlC-F6-20190722;[1396099]
CBN-PdlC-F6-20190812;[1363875]
CBN-PdlC-F6-20190909;[1363875]
CBN-PdlC-F6-20200629;[1363875]
CBN-PdlC-F6-20200722;[1361862]
CBN-PdlC-F6-20200812;[1396099]
CBN-Pla-A1-20130808;[1363875]
CBN-Pla-A1-20130904;[1363875]
CBN-Pla-A1-20140722;[1363875]
CBN-Pla-A1-20140812;[1363875]
CBN-Pla-A1-20140902;[1363875]
CBN-Pla-A1-20150702;[1363875]
CBN-Pla-A1-20150723;[1363875]
CBN-Pla-A1-20150811;[1363875]
CBN-Pla-A1-20150901;[1361862]
CBN-Pla-A1-20160707;[1396355]
CBN-Pla-A1-20160728;[1722403]
CBN-Pla-A1-20180724;[1396099]
CBN-Pla-A1-20180816;[1361862]
CBN-Pla-A1-20180906;[1361862]
CBN-Pla-A1-20190723;[1361862]
CBN-Pla-A1-20190814;[1363875]
CBN-Pla-A1-20200630;[1361862]
CBN-Pla-A1-20200723;[1363875]
CBN-Pla-A1-20200814;[1363875]
CBN-Pla-A2-20130724;[1363875]
CBN-Pla-A2-20130808;[1361862]
CBN-Pla-A2-20130904;[1722403]
CBN-Pla-A2-20140722;[1363875]
CBN-Pla-A2-20140812;[1396099]
CBN-Pla-A2-20140902;[1722403]
CBN-Pla-A2-20150702;[1363875]
CBN-Pla-A2-20150723;[1363875]
CBN-Pla-A2-20150811;[1363875]
CBN-Pla-A2-20150901;[1396099]
CBN-Pla-A2-20160707;[1361862]
CBN-Pla-A2-20160728;[1363875]
CBN-Pla-A2-20180724;[1396355]
CBN-Pla-A2-20180816;[1722403]
CBN-Pla-A2-20180906;[1361862]
CBN-Pla-A2-20190723;[1722403]
CBN-Pla-A2-20190814;[1361862]
CBN-Pla-A2-20200723;[1722403]
CBN-Pla-A2-20200814;[1722403]
CBN-Pla-A3-20130724;[1396099]
CBN-Pla-A3-20130808;[1363875]
CBN-Pla-A3-20130904;[1722403]
CBN-Pla-A3-20140722;[1396355]
CBN-Pla-A3-20140812;[1396099]
CBN-Pla-A3-20140902;[1396355]
CBN-Pla-A3-20150702;[1363875]
CBN-Pla-A3-20150723;[1722403]
CBN-Pla-A3-20150811;[1722403]
CBN-Pla-A3-20150901;[1361862]
CBN-Pla-A3-20160707;[1361862]
CBN-Pla-A3-20160728;[1361862]
CBN-Pla-A3-20180724;[1363875]
CBN-Pla-A3-20180816;[1361862]
CBN-Pla-A3-20180906;[1363875]
CBN-Pla-A3-20190723;[1363875]
CBN-Pla-A3-20190814;[1361862]
CBN-Pla-A3-20200723;[1361862]
CBN-Pla-A3-20200814;[1361862]
CBN-Pla-A4-20130724;[1363875]
CBN-Pla-A4-20130808;[1361862]
CBN-Pla-A4-20130904;[1361862]
CBN-Pla-A4-20140722;[1363875]
CBN-Pla-A4-20140812;[1396099]
CBN-Pla-A4-20140902;[1396099]
CBN-Pla-A4-20150702;[1363875]
CBN-Pla-A4-20150723;[1363875]
CBN-Pla-A4-20150811;[1363875]
CBN-Pla-A4-20150901;[1396099]
CBN-Pla-A4-20160707;[1363875]
CBN-Pla-A4-20160728;[1396099]
CBN-Pla-A4-20180724;[1396355]
CBN-Pla-A4-20180816;[1363875]
CBN-Pla-A4-20180906;[1361862]
CBN-Pla-A4-20190723;[1363875]
CBN-Pla-A4-20190814;[1363875]
CBN-Pla-A4-20200723;[1396099]
CBN-Pla-A4-20200814;[1396099]
CBN-Pla-A5-20130724;[1363875]
CBN-Pla-A5-20130808;[1361862]
CBN-Pla-A5-20130904;[1361862]
CBN-Pla-A5-20140722;[1363875]
CBN-Pla-A5-20140812;[1396355]
CBN-Pla-A5-20140902;[1361862]
CBN-Pla-A5-20150702;[1363875]
CBN-Pla-A5-20150723;[1722403]
CBN-Pla-A5-20150811;[1722403]
CBN-Pla-A5-20160707;[1363875]
CBN-Pla-A5-20160728;[1396355]
CBN-Pla-A5-20180724;[1396099]
CBN-Pla-A5-20180816;[1722403]
CBN-Pla-A5-20180906;[1396099]
CBN-Pla-A5-20190723;[1396099]
CBN-Pla-A5-20190814;[1363875]
CBN-Pla-A5-20200723;[1396099]
CBN-Pla-A5-20200814;[1722403]
CBN-Pla-A6-20130724;[1396355]
CBN-Pla-A6-20130808;[1363875]
CBN-Pla-A6-20130904;[1396355]
CBN-Pla-A6-20140722;[1363875]
CBN-Pla-A6-20140812;[1361862]
CBN-Pla-A6-20140902;[1361862]
CBN-Pla-A6-20150702;[1363875]
CBN-Pla-A6-20150723;[1396099]
CBN-Pla-A6-20150811;[1396355]
CBN-Pla-A6-20150901;[1361862]
CBN-Pla-A6-20160707;[1363875]
CBN-Pla-A6-20160728;[1361862]
CBN-Pla-A6-20180724;[1363875]
CBN-Pla-A6-20180816;[1361862]
CBN-Pla-A6-20180906;[1361862]
CBN-Pla-A6-20190723;[1361862]
CBN-Pla-A6-20190814;[1361862]
CBN-Pla-A6-20200723;[1361862]
CBN-Pla-A6-20200814;[1361862]
CBN-Pla-B1-20130724;[1396355]
CBN-Pla-B1-20130808;[1396355]
CBN-Pla-B1-20130904;[1722403]
CBN-Pla-B1-20140722;[1396355]
CBN-Pla-B1-20140812;[1396355]
CBN-Pla-B1-20140902;[1396355]
CBN-Pla-B1-20150702;[1396355]
CBN-Pla-B1-20150723;[1396355]
CBN-Pla-B1-20150811;[1396355]
CBN-Pla-B1-20150901;[1361862]
CBN-Pla-B1-20160707;[1363875]
CBN-Pla-B1-20160728;[1396355]
CBN-Pla-B1-20180724;[1396355]
CBN-Pla-B1-20180816;[1396355]
CBN-Pla-B1-20180906;[1363875]
CBN-Pla-B1-20190723;[1363875]
CBN-Pla-B1-20190814;[1396355]
CBN-Pla-B1-20200630;[1361862]
CBN-Pla-B1-20200723;[1396355]
CBN-Pla-B1-20200814;[1396099]
CBN-Pla-B2-20130724;[1363875]
CBN-Pla-B2-20130808;[1396355]
CBN-Pla-B2-20130904;[1363875]
CBN-Pla-B2-20140722;[1396355]
CBN-Pla-B2-20140812;[1361862]
CBN-Pla-B2-20140902;[1722403]
CBN-Pla-B2-20150702;[1363875]
CBN-Pla-B2-20150723;[1396099]
CBN-Pla-B2-20150811;[1396099]
CBN-Pla-B2-20150901;[1722403]
CBN-Pla-B2-20160707;[1363875]
CBN-Pla-B2-20160728;[1363875]
CBN-Pla-B2-20180724;[1396355]
CBN-Pla-B2-20180816;[1396099]
CBN-Pla-B2-20180906;[1396099]
CBN-Pla-B2-20190723;[1396099]
CBN-Pla-B2-20190814;[1396099]
CBN-Pla-B2-20200723;[1396099]
CBN-Pla-B2-20200814;[1396099]
CBN-Pla-B3-20130724;[1363875]
CBN-Pla-B3-20130808;[1363875]
CBN-Pla-B3-20130904;[1396355]
CBN-Pla-B3-20140722;[1396355]
CBN-Pla-B3-20140812;[1361862]
CBN-Pla-B3-20140902;[1396355]
CBN-Pla-B3-20150811;[1396355]
CBN-Pla-B3-20150901;[1361862]
CBN-Pla-B3-20160707;[1363875]
CBN-Pla-B3-20160728;[1363875]
CBN-Pla-B3-20180724;[1396355]
CBN-Pla-B3-20180816;[1396355]
CBN-Pla-B3-20180906;[1396099]
CBN-Pla-B3-20190723;[1361862]
CBN-Pla-B3-20190814;[1396355]
CBN-Pla-B3-20200723;[1396355]
CBN-Pla-B3-20200814;[1396355]
CBN-Pla-B4-20130724;[1363875]
CBN-Pla-B4-20130808;[1361862]
CBN-Pla-B4-20130904;[1363875]
CBN-Pla-B4-20140722;[1363875]
CBN-Pla-B4-20140812;[1363875]
CBN-Pla-B4-20140902;[1361862]
CBN-Pla-B4-20150702;[1363875]
CBN-Pla-B4-20150723;[1363875]
CBN-Pla-B4-20150811;[1363875]
CBN-Pla-B4-20150901;[1361862]
CBN-Pla-B4-20160707;[1363875]
CBN-Pla-B4-20160728;[1396355]
CBN-Pla-B4-20180724;[1363875]
CBN-Pla-B4-20180816;[1363875]
CBN-Pla-B4-20180906;[1396099]
CBN-Pla-B4-20190723;[1396355]
CBN-Pla-B4-20190814;[1396099]
CBN-Pla-B4-20200723;[1363875]
CBN-Pla-B4-20200814;[1363875]
CBN-Pla-B5-20130724;[1396355]
CBN-Pla-B5-20130808;[1363875]
CBN-Pla-B5-20130904;[1363875]
CBN-Pla-B5-20140722;[1396355]
CBN-Pla-B5-20140812;[1361862]
CBN-Pla-B5-20140902;[1396355]
CBN-Pla-B5-20150702;[1363875]
CBN-Pla-B5-20150723;[1361862]
CBN-Pla-B5-20150811;[1361862]
CBN-Pla-B5-20150901;[1361862]
CBN-Pla-B5-20160707;[1396355]
CBN-Pla-B5-20160728;[1363875]
CBN-Pla-B5-20180724;[1363875]
CBN-Pla-B5-20180816;[1363875]
CBN-Pla-B5-20180906;[1363875]
CBN-Pla-B5-20190723;[1396355]
CBN-Pla-B5-20190814;[1361862]
CBN-Pla-B5-20200723;[1396355]
CBN-Pla-B5-20200814;[1361862]
CBN-Pla-B6-20130724;[1396355]
CBN-Pla-B6-20130808;[1363875]
CBN-Pla-B6-20130904;[1361862]
CBN-Pla-B6-20140722;[1363875]
CBN-Pla-B6-20140812;[1363875]
CBN-Pla-B6-20140902;[1396099]
CBN-Pla-B6-20150702;[1396099]
CBN-Pla-B6-20150723;[1361862]
CBN-Pla-B6-20150811;[1363875]
CBN-Pla-B6-20150901;[1363875]
CBN-Pla-B6-20160707;[1363875]
CBN-Pla-B6-20160728;[1361862]
CBN-Pla-B6-20180816;[1361862]
CBN-Pla-B6-20180906;[1396099]
CBN-Pla-B6-20190723;[1363875]
CBN-Pla-B6-20190814;[1361862]
CBN-Pla-B6-20200723;[1361862]
CBN-Pla-B6-20200814;[1361862]
CBN-Pla-C1-20130808;[1363875]
CBN-Pla-C1-20130904;[1396355]
CBN-Pla-C1-20150702;[1361862]
CBN-Pla-C1-20150723;[1396355]
CBN-Pla-C1-20150811;[1396355]
CBN-Pla-C1-20150901;[1363875]
CBN-Pla-C1-20160707;[1396099]
CBN-Pla-C1-20160728;[1396355]
CBN-Pla-C1-20180816;[1361862]
CBN-Pla-C1-20180906;[1361862]
CBN-Pla-C1-20190723;[1363875]
CBN-Pla-C1-20190814;[1363875]
CBN-Pla-C1-20200723;[1363875]
CBN-Pla-C1-20200814;[1363875]
CBN-Pla-C2-20130808;[1363875]
CBN-Pla-C2-20130904;[1396355]
CBN-Pla-C2-20140722;[1396355]
CBN-Pla-C2-20140902;[1396099]
CBN-Pla-C2-20150702;[1363875]
CBN-Pla-C2-20150723;[1361862]
CBN-Pla-C2-20150811;[1361862]
CBN-Pla-C2-20150901;[1722403]
CBN-Pla-C2-20160707;[1396355]
CBN-Pla-C2-20160728;[1361862]
CBN-Pla-C2-20180724;[1363875]
CBN-Pla-C2-20180816;[1363875]
CBN-Pla-C2-20180906;[1363875]
CBN-Pla-C2-20190723;[1396355]
CBN-Pla-C2-20190814;[1363875]
CBN-Pla-C2-20200723;[1363875]
CBN-Pla-C2-20200814;[1363875]
CBN-Pla-C3-20130808;[1396099]
CBN-Pla-C3-20130904;[1361862]
CBN-Pla-C3-20140722;[1363875]
CBN-Pla-C3-20140902;[1363875]
CBN-Pla-C3-20150702;[1396355]
CBN-Pla-C3-20150723;[1363875]
CBN-Pla-C3-20150811;[1361862]
CBN-Pla-C3-20150901;[1363875]
CBN-Pla-C3-20160707;[1396355]
CBN-Pla-C3-20160728;[1396355]
CBN-Pla-C3-20180724;[1396355]
CBN-Pla-C3-20180816;[1396099]
CBN-Pla-C3-20180906;[1363875]
CBN-Pla-C3-20190723;[1396355]
CBN-Pla-C3-20190814;[1396099]
CBN-Pla-C3-20200723;[1396099]
CBN-Pla-C3-20200814;[1396355]
CBN-Pla-C4-20130808;[1363875]
CBN-Pla-C4-20130904;[1363875]
CBN-Pla-C4-20140902;[1361862]
CBN-Pla-C4-20150702;[1396355]
CBN-Pla-C4-20150723;[1363875]
CBN-Pla-C4-20150811;[1363875]
CBN-Pla-C4-20150901;[1361862]
CBN-Pla-C4-20160707;[1363875]
CBN-Pla-C4-20160728;[1396099]
CBN-Pla-C4-20180724;[1363875]
CBN-Pla-C4-20180816;[1361862]
CBN-Pla-C4-20180906;[1396099]
CBN-Pla-C4-20190723;[1361862]
CBN-Pla-C4-20190814;[1361862]
CBN-Pla-C4-20200723;[1396099]
CBN-Pla-C4-20200814;[1363875]
CBN-Pla-C5-20130808;[1396099]
CBN-Pla-C5-20130904;[1361862]
CBN-Pla-C5-20140722;[1396355]
CBN-Pla-C5-20140902;[1396355]
CBN-Pla-C5-20150702;[1361862]
CBN-Pla-C5-20150723;[1396099]
CBN-Pla-C5-20150811;[1396099]
CBN-Pla-C5-20150901;[1396099]
CBN-Pla-C5-20160707;[1363875]
CBN-Pla-C5-20160728;[1363875]
CBN-Pla-C5-20180724;[1363875]
CBN-Pla-C5-20180816;[1396099]
CBN-Pla-C5-20180906;[1361862]
CBN-Pla-C5-20190723;[1361862]
CBN-Pla-C5-20190814;[1396099]
CBN-Pla-C5-20200723;[1361862]
CBN-Pla-C5-20200814;[1363875]
CBN-Pla-C6-20130808;[1361862]
CBN-Pla-C6-20130904;[1361862]
CBN-Pla-C6-20140902;[1722403]
CBN-Pla-C6-20150702;[1363875]
CBN-Pla-C6-20150723;[1361862]
CBN-Pla-C6-20150811;[1361862]
CBN-Pla-C6-20150901;[1361862]
CBN-Pla-C6-20160707;[1363875]
CBN-Pla-C6-20160728;[1396355]
CBN-Pla-C6-20180724;[1396355]
CBN-Pla-C6-20180816;[1361862]
CBN-Pla-C6-20180906;[1361862]
CBN-Pla-C6-20190723;[1361862]
CBN-Pla-C6-20190814;[1361862]
CBN-Pla-C6-20200723;[1361862]
CBN-Pla-C6-20200814;[1361862]
CBN-Pla-D1-20130808;[1363875]
CBN-Pla-D1-20130904;[1396355]
CBN-Pla-D1-20140722;[1396099]
CBN-Pla-D1-20140902;[1361862]
CBN-Pla-D1-20150702;[1396355]
CBN-Pla-D1-20150723;[1396355]
CBN-Pla-D1-20150811;[1396355]
CBN-Pla-D1-20150901;[1361862]
CBN-Pla-D1-20160707;[1363875]
CBN-Pla-D1-20160728;[1396355]
CBN-Pla-D1-20180724;[1363875]
CBN-Pla-D1-20180816;[1363875]
CBN-Pla-D1-20180906;[1361862]
CBN-Pla-D1-20190723;[1363875]
CBN-Pla-D1-20190814;[1396355]
CBN-Pla-D1-20200723;[1396099]
CBN-Pla-D1-20200814;[1396355]
CBN-Pla-D2-20130808;[1363875]
CBN-Pla-D2-20130904;[1363875]
CBN-Pla-D2-20140722;[1363875]
CBN-Pla-D2-20140902;[1396355]
CBN-Pla-D2-20150702;[1363875]
CBN-Pla-D2-20150723;[1396099]
CBN-Pla-D2-20150811;[1363875]
CBN-Pla-D2-20150901;[1396355]
CBN-Pla-D2-20160707;[1363875]
CBN-Pla-D2-20160728;[1363875]
CBN-Pla-D2-20180724;[1363875]
CBN-Pla-D2-20180816;[1363875]
CBN-Pla-D2-20180906;[1363875]
CBN-Pla-D2-20190723;[1396099]
CBN-Pla-D2-20190814;[1363875]
CBN-Pla-D2-20200723;[1363875]
CBN-Pla-D2-20200814;[1363875]
CBN-Pla-D3-20130808;[1361862]
CBN-Pla-D3-20130904;[1361862]
CBN-Pla-D3-20140722;[1363875]
CBN-Pla-D3-20140902;[1361862]
CBN-Pla-D3-20150702;[1363875]
CBN-Pla-D3-20150723;[1363875]
CBN-Pla-D3-20150811;[1361862]
CBN-Pla-D3-20150901;[1361862]
CBN-Pla-D3-20160707;[1396355]
CBN-Pla-D3-20160728;[1361862]
CBN-Pla-D3-20180724;[1363875]
CBN-Pla-D3-20180816;[1396099]
CBN-Pla-D3-20180906;[1396099]
CBN-Pla-D3-20190723;[1363875]
CBN-Pla-D3-20190814;[1361862]
CBN-Pla-D3-20200723;[1396099]
CBN-Pla-D3-20200814;[1396355]
CBN-Pla-D4-20130808;[1363875]
CBN-Pla-D4-20130904;[1722403]
CBN-Pla-D4-20140722;[1396355]
CBN-Pla-D4-20140902;[1361862]
CBN-Pla-D4-20150702;[1363875]
CBN-Pla-D4-20150723;[1396355]
CBN-Pla-D4-20150811;[1363875]
CBN-Pla-D4-20150901;[1363875]
CBN-Pla-D4-20160707;[1363875]
CBN-Pla-D4-20160728;[1363875]
CBN-Pla-D4-20180724;[1363875]
CBN-Pla-D4-20180816;[1363875]
CBN-Pla-D4-20180906;[1396099]
CBN-Pla-D4-20190723;[1396355]
CBN-Pla-D4-20190814;[1396355]
CBN-Pla-D4-20200723;[1363875]
CBN-Pla-D4-20200814;[1361862]
CBN-Pla-D5-20130808;[1363875]
CBN-Pla-D5-20130904;[1396355]
CBN-Pla-D5-20140722;[1363875]
CBN-Pla-D5-20140902;[1361862]
CBN-Pla-D5-20150702;[1361862]
CBN-Pla-D5-20150723;[1361862]
CBN-Pla-D5-20150811;[1361862]
CBN-Pla-D5-20150901;[1361862]
CBN-Pla-D5-20160707;[1361862]
CBN-Pla-D5-20160728;[1363875]
CBN-Pla-D5-20180724;[1363875]
CBN-Pla-D5-20180816;[1361862]
CBN-Pla-D5-20180906;[1361862]
CBN-Pla-D5-20190723;[1361862]
CBN-Pla-D5-20190814;[1363875]
CBN-Pla-D5-20200723;[1361862]
CBN-Pla-D6-20130808;[1361862]
CBN-Pla-D6-20130904;[1361862]
CBN-Pla-D6-20140722;[1396355]
CBN-Pla-D6-20140902;[1361862]
CBN-Pla-D6-20150702;[1396099]
CBN-Pla-D6-20150723;[1396355]
CBN-Pla-D6-20150811;[1396099]
CBN-Pla-D6-20150901;[1722403]
CBN-Pla-D6-20160707;[1363875]
CBN-Pla-D6-20160728;[1722403]
CBN-Pla-D6-20180724;[1396355]
CBN-Pla-D6-20180816;[1722403]
CBN-Pla-D6-20180906;[1361862]
CBN-Pla-D6-20190723;[1722403]
CBN-Pla-D6-20190814;[1396099]
CBN-Pla-D6-20200723;[1722403]
CBN-Pla-D6-20200814;[1361862]
CBN-Pla-E1-20130808;[1363875]
CBN-Pla-E1-20130904;[1361862]
CBN-Pla-E1-20140722;[1363875]
CBN-Pla-E1-20140902;[1363875]
CBN-Pla-E1-20150702;[1363875]
CBN-Pla-E1-20150723;[1363875]
CBN-Pla-E1-20150901;[1361862]
CBN-Pla-E1-20160707;[1363875]
CBN-Pla-E1-20160728;[1363875]
CBN-Pla-E1-20180816;[1396099]
CBN-Pla-E1-20180906;[1396099]
CBN-Pla-E1-20190723;[1363875]
CBN-Pla-E1-20190814;[1361862]
CBN-Pla-E1-20200630;[1363875]
CBN-Pla-E1-20200723;[1361862]
CBN-Pla-E1-20200814;[1361862]
CBN-Pla-E2-20130808;[1363875]
CBN-Pla-E2-20130904;[1363875]
CBN-Pla-E2-20140722;[1396355]
CBN-Pla-E2-20140902;[1361862]
CBN-Pla-E2-20150702;[1363875]
CBN-Pla-E2-20150723;[1363875]
CBN-Pla-E2-20150901;[1361862]
CBN-Pla-E2-20160707;[1361862]
CBN-Pla-E2-20160728;[1396355]
CBN-Pla-E2-20180724;[1363875]
CBN-Pla-E2-20180816;[1361862]
CBN-Pla-E2-20180906;[1363875]
CBN-Pla-E2-20190723;[1361862]
CBN-Pla-E2-20190814;[1396355]
CBN-Pla-E2-20200630;[1363875]
CBN-Pla-E2-20200723;[1363875]
CBN-Pla-E2-20200814;[1361862]
CBN-Pla-E3-20130808;[1363875]
CBN-Pla-E3-20130904;[1363875]
CBN-Pla-E3-20140722;[1363875]
CBN-Pla-E3-20140902;[1396355]
CBN-Pla-E3-20150702;[1363875]
CBN-Pla-E3-20150723;[1396355]
CBN-Pla-E3-20150811;[1396355]
CBN-Pla-E3-20150901;[1363875]
CBN-Pla-E3-20160707;[1396355]
CBN-Pla-E3-20160728;[1396355]
CBN-Pla-E3-20180724;[1363875]
CBN-Pla-E3-20180816;[1363875]
CBN-Pla-E3-20180906;[1363875]
CBN-Pla-E3-20190723;[1363875]
CBN-Pla-E3-20190814;[1396355]
CBN-Pla-E3-20200630;[1396355]
CBN-Pla-E3-20200723;[1396355]
CBN-Pla-E3-20200814;[1363875]
CBN-Pla-E4-20130808;[1363875]
CBN-Pla-E4-20130904;[1396099]
CBN-Pla-E4-20140722;[1363875]
CBN-Pla-E4-20140902;[1363875]
CBN-Pla-E4-20150702;[1363875]
CBN-Pla-E4-20150811;[1363875]
CBN-Pla-E4-20150901;[1363875]
CBN-Pla-E4-20160707;[1363875]
CBN-Pla-E4-20160728;[1363875]
CBN-Pla-E4-20180724;[1363875]
CBN-Pla-E4-20180816;[1363875]
CBN-Pla-E4-20180906;[1363875]
CBN-Pla-E4-20190723;[1363875]
CBN-Pla-E4-20190814;[1363875]
CBN-Pla-E4-20200630;[1363875]
CBN-Pla-E4-20200723;[1363875]
CBN-Pla-E4-20200814;[1363875]
CBN-Pla-E5-20130808;[1361862]
CBN-Pla-E5-20130904;[1361862]
CBN-Pla-E5-20140722;[1363875]
CBN-Pla-E5-20140902;[1361862]
CBN-Pla-E5-20150702;[1363875]
CBN-Pla-E5-20150723;[1396099]
CBN-Pla-E5-20150811;[1396099]
CBN-Pla-E5-20150901;[1396099]
CBN-Pla-E5-20160707;[1363875]
CBN-Pla-E5-20160728;[1363875]
CBN-Pla-E5-20180724;[1363875]
CBN-Pla-E5-20180816;[1363875]
CBN-Pla-E5-20180906;[1361862]
CBN-Pla-E5-20190723;[1363875]
CBN-Pla-E5-20190814;[1361862]
CBN-Pla-E5-20200630;[1361862]
CBN-Pla-E5-20200723;[1363875]
CBN-Pla-E5-20200814;[1363875]
CBN-Pla-E6-20130808;[1361862]
CBN-Pla-E6-20130904;[1361862]
CBN-Pla-E6-20140722;[1363875]
CBN-Pla-E6-20140902;[1361862]
CBN-Pla-E6-20150702;[1361862]
CBN-Pla-E6-20150723;[1361862]
CBN-Pla-E6-20150811;[1361862]
CBN-Pla-E6-20150901;[1361862]
CBN-Pla-E6-20160707;[1363875]
CBN-Pla-E6-20160728;[1363875]
CBN-Pla-E6-20180724;[1396099]
CBN-Pla-E6-20180816;[1361862]
CBN-Pla-E6-20180906;[1363875]
CBN-Pla-E6-20190723;[1363875]
CBN-Pla-E6-20190814;[1361862]
CBN-Pla-E6-20200723;[1361862]
CBN-Pla-E6-20200814;[1363875]
CBN-Pla-F1-20130808;[1396099]
CBN-Pla-F1-20130904;[1361862]
CBN-Pla-F1-20140722;[1363875]
CBN-Pla-F1-20140902;[1722403]
CBN-Pla-F1-20150702;[1363875]
CBN-Pla-F1-20150723;[1361862]
CBN-Pla-F1-20150901;[1361862]
CBN-Pla-F1-20160707;[1361862]
CBN-Pla-F1-20160728;[1361862]
CBN-Pla-F1-20180724;[1363875]
CBN-Pla-F1-20180816;[1361862]
CBN-Pla-F1-20180906;[1361862]
CBN-Pla-F1-20190723;[1361862]
CBN-Pla-F1-20190814;[1361862]
CBN-Pla-F1-20200630;[1363875]
CBN-Pla-F1-20200723;[1361862]
CBN-Pla-F1-20200814;[1396355]
CBN-Pla-F2-20130808;[1363875]
CBN-Pla-F2-20130904;[1363875]
CBN-Pla-F2-20140722;[1363875]
CBN-Pla-F2-20140902;[1396355]
CBN-Pla-F2-20150702;[1363875]
CBN-Pla-F2-20150723;[1361862]
CBN-Pla-F2-20150901;[1363875]
CBN-Pla-F2-20160707;[1363875]
CBN-Pla-F2-20160728;[1396355]
CBN-Pla-F2-20180724;[1363875]
CBN-Pla-F2-20180816;[1361862]
CBN-Pla-F2-20180906;[1363875]
CBN-Pla-F2-20190723;[1361862]
CBN-Pla-F2-20190814;[1363875]
CBN-Pla-F2-20200630;[1363875]
CBN-Pla-F2-20200723;[1361862]
CBN-Pla-F2-20200814;[1363875]
CBN-Pla-F3-20130808;[1363875]
CBN-Pla-F3-20130904;[1722403]
CBN-Pla-F3-20140722;[1363875]
CBN-Pla-F3-20140902;[1396355]
CBN-Pla-F3-20150702;[1363875]
CBN-Pla-F3-20150723;[1361862]
CBN-Pla-F3-20150811;[1396355]
CBN-Pla-F3-20150901;[1363875]
CBN-Pla-F3-20160707;[1363875]
CBN-Pla-F3-20160728;[1396355]
CBN-Pla-F3-20180724;[1363875]
CBN-Pla-F3-20180816;[1363875]
CBN-Pla-F3-20180906;[1363875]
CBN-Pla-F3-20190723;[1363875]
CBN-Pla-F3-20190814;[1396355]
CBN-Pla-F3-20200630;[1396355]
CBN-Pla-F3-20200723;[1363875]
CBN-Pla-F3-20200814;[1363875]
CBN-Pla-F4-20130808;[1396355]
CBN-Pla-F4-20130904;[1363875]
CBN-Pla-F4-20140722;[1363875]
CBN-Pla-F4-20150723;[1396355]
CBN-Pla-F4-20150811;[1363875]
CBN-Pla-F4-20150901;[1396099]
CBN-Pla-F4-20160707;[1396355]
CBN-Pla-F4-20160728;[1361862]
CBN-Pla-F4-20180724;[1363875]
CBN-Pla-F4-20180816;[1363875]
CBN-Pla-F4-20180906;[1363875]
CBN-Pla-F4-20190723;[1396355]
CBN-Pla-F4-20190814;[1363875]
CBN-Pla-F4-20200630;[1363875]
CBN-Pla-F4-20200723;[1363875]
CBN-Pla-F4-20200814;[1396355]
CBN-Pla-F5-20130808;[1363875]
CBN-Pla-F5-20130904;[1361862]
CBN-Pla-F5-20140722;[1363875]
CBN-Pla-F5-20140902;[1396355]
CBN-Pla-F5-20150702;[1363875]
CBN-Pla-F5-20150723;[1363875]
CBN-Pla-F5-20150811;[1361862]
CBN-Pla-F5-20150901;[1396355]
CBN-Pla-F5-20160707;[1396355]
CBN-Pla-F5-20160728;[1361862]
CBN-Pla-F5-20180724;[1396355]
CBN-Pla-F5-20180816;[1363875]
CBN-Pla-F5-20180906;[1396355]
CBN-Pla-F5-20190723;[1363875]
CBN-Pla-F5-20190814;[1361862]
CBN-Pla-F5-20200723;[1363875]
CBN-Pla-F5-20200814;[1363875]
CBN-Pla-F6-20130808;[1722403]
CBN-Pla-F6-20130904;[1361862]
CBN-Pla-F6-20140722;[1363875]
CBN-Pla-F6-20140902;[1361862]
CBN-Pla-F6-20150702;[1361862]
CBN-Pla-F6-20150723;[1363875]
CBN-Pla-F6-20150811;[1363875]
CBN-Pla-F6-20150901;[1361862]
CBN-Pla-F6-20160707;[1363875]
CBN-Pla-F6-20160728;[1363875]
CBN-Pla-F6-20180724;[1396099]
CBN-Pla-F6-20180816;[1361862]
CBN-Pla-F6-20180906;[1722403]
CBN-Pla-F6-20190723;[1363875]
CBN-Pla-F6-20190814;[1361862]
CBN-Pla-F6-20200723;[1722403]
CBN-Pla-F6-20200814;[1722403]
CBN-Pyr-01-20230706;[1361862]
CBN-Pyr-03-20230706;[1396099]
CBN-can-A1-20230705;[1363875]
CBN-can-A2-20230705;[1363875]
CBN-can-A3-20230705;[1363875]
CBN-can-A5-20230705;[1363875]
CBN-can-A6-20230705;[1722403]
CBN-can-B1-20230705;[1363875]
CBN-can-B2-20230705;[1396355]
CBN-can-B3-20230705;[1722403]
CBN-can-B4-20230705;[1396099]
CBN-can-B5-20230705;[1396355]
CBN-can-B6-20230705;[1363875]
CBN-can-C1-20230705;[1363875]
CBN-can-C2-20230705;[1363875]
CBN-can-C3-20230705;[1361862]
CBN-can-C4-20230705;[1363875]
CBN-can-D1-20230705;[1363875]
CBN-can-D2-20230705;[1363875]
CBN-can-D3-20230705;[1396099]
CBN-can-D4-20230705;[1396099]
CBN-can-E1-20230706;[1361862]
CBN-can-E2-20230706;[1361862]
CBN-can-E3-20230706;[1363875]
CBN-can-E4-20230706;[1396099]
CBN-can-E5-20230706;[1363875]
CBN-can-E6-20230706;[1396099]
CBN-can-F1-20230705;[1363875]
CBN-can-F2-20230706;[1363875]
CBN-can-F3-20230706;[1363875]
CBN-can-F4-20230706;[1361862]
CBN-can-F5-20230706;[1361862]
OPTMix-0108-P1-312-20231006;[1396099]
OPTMix-0108-P1-422-20231006;[1363875]
OPTMix-0108-P1-427-20231006;[1396099]
OPTMix-0108-P1-533-20231006;[1363875]
OPTMix-0108-P1-95-20231006;[1396355]
OPTMix-012-P1-143-20231201;[1363875]
OPTMix-012-P1-208-20231201;[1363875]
OPTMix-012-P2-192-20231201;[1363875]
OPTMix-012-P2-207-20231201;[1363875]
OPTMix-012-P2-240-20231201;[1363875]
OPTMix-012-P3-190-20231201;[1396099]
OPTMix-012-P3-218-20231201;[1363875]
OPTMix-012-P3-220-20231201;[1363875]
OPTMix-0178-P1-1060-20231006;[1722403]
OPTMix-0178-P1-1061-20231006;[1363875]
OPTMix-0178-P1-552-20231006;[1722403]
OPTMix-0178-P1-661-20231006;[1722403]
OPTMix-0178-P1-663-20231006;[1396355]
OPTMix-0178-P1-669-20231006;[1396099]
OPTMix-0200-11006-20231009;[1363875]
OPTMix-0200-P2-53-20231009;[1722403]
OPTMix-0200-P2-54-20231009;[1363875]
OPTMix-0200-P2-68-20231009;[1722403]
OPTMix-0200-P3-108-20231009;[1361862]
OPTMix-0200-P3-127-20231009;[1363875]
OPTMix-0200-P3-139-20231009;[1396099]
OPTMix-0214-P1-207-20231010;[1363875]
OPTMix-0214-P1-208-20231010;[1396355]
OPTMix-0214-P1-235-20231010;[1363875]
OPTMix-0214-P2-22-20231010;[1361862]
OPTMix-0214-P2-64-20231010;[1363875]
OPTMix-0214-P2-84-20231010;[1363875]
OPTMix-0214-P3-186-20231010;[1363875]
OPTMix-0214-P3-196-20231010;[1363875]
OPTMix-0214-P3-278-20231010;[1361862]
OPTMix-0216-P4-208-20231009;[1396355]
OPTMix-0255-11233-20231009;[1363875]
OPTMix-0255-11372-20231009;[1396355]
OPTMix-0255-11382-20231009;[1363875]
OPTMix-033-P3-107-20231201;[1363875]
OPTMix-0333-P1-107-20231212;[1361862]
OPTMix-0333-P1-112-20231212;[1363875]
OPTMix-0333-P2-108-20231212;[1396355]
OPTMix-0333-P2-112-20231212;[1361862]
OPTMix-0333-P2-115-20231212;[1722403]
OPTMix-0333-P3-100-20231201;[1396355]
OPTMix-0333-P3-76-20231201;[1722403]
OPTMix-057-P1-1699-20231010;[1396355]
OPTMix-057-P1-1901-20231010;[1396355]
OPTMix-057-P1-1902-20231010;[1363875]
OPTMix-057-P1-1913-20231010;[1396355]
OPTMix-057-P1-1917-20231010;[1396355]
OPTMix-0593-P1-129-20231205;[1363875]
OPTMix-0593-P1-134-20231205;[1396099]
OPTMix-0593-P1-86-20231205;[1363875]
OPTMix-0593-P2-180-20231205;[1396355]
OPTMix-0593-P2-84-20231205;[1363875]
OPTMix-0593-P2-92-20231205;[1363875]
OPTMix-0593-P3-130-20231205;[1361862]
OPTMix-0593-P3-146-20231205;[1363875]
OPTMix-0593-P3-87-20231205;[1363875]
OPTMix-0598-P1-118-20231205;[1396099]
OPTMix-0598-P1-132-20231205;[1396099]
OPTMix-0598-P1-133-20231205;[1363875]
OPTMix-0598-P1-149-20231205;[1363875]
OPTMix-0598-P1-197-20231205;[1363875]
OPTMix-0598-P1-198-20231205;[1363875]
OPTMix-0598-P2-102-20231205;[1396355]
OPTMix-0598-P2-139-20231207;[1363875]
OPTMix-0598-P2-86-20231207;[1722403]
OPTMix-0598-P2-99-20231205;[1363875]
OPTMix-0598-P4-104-20231207;[1363875]
OPTMix-0598-P4-108-20231207;[1363875]
OPTMix-0598-P4-128-20231207;[1363875]
OPTMix-083-P3-139-20231110;[1396355]
OPTMix-083-P3-186-20231110;[1722403]
OPTMix-083-P3-96-20231110;[1363875]
OPTMix-108-P1-000-20231006;[1396355]
RNNB-1-1-20230512;[1396355]
RNNB-1-1-20240117;[1722403]
RNNB-1-10-20230512;[1363875]
RNNB-1-10-20240117;[1361862]
RNNB-1-2-20230512;[1722403]
RNNB-1-2-20240117;[1363875]
RNNB-1-3-20230512;[1722403]
RNNB-1-3-20240117;[1363875]
RNNB-1-4-20230512;[1396355]
RNNB-1-4-20240117;[1363875]
RNNB-1-5-20230512;[1361862]
RNNB-1-5-20240117;[1361862]
RNNB-1-6-20230512;[1396355]
RNNB-1-6-20240117;[1396099]
RNNB-1-7-20230512;[1361862]
RNNB-1-7-20240117;[1363875]
RNNB-1-8-20230512;[1363875]
RNNB-1-8-20240117;[1361862]
RNNB-1-9-20230512;[1361862]
RNNB-1-9-20240117;[1361862]
RNNB-2-1-20230512;[1722403]
RNNB-2-1-20240117;[1361862]
RNNB-2-10-20230512;[1361862]
RNNB-2-10-20240117;[1722403]
RNNB-2-2-20230512;[1361862]
RNNB-2-2-20240117;[1361862]
RNNB-2-3-20230512;[1361862]
RNNB-2-3-20240117;[1722403]
RNNB-2-4-20230512;[1363875]
RNNB-2-4-20240117;[1361862]
RNNB-2-5-20230512;[1363875]
RNNB-2-5-20240117;[1722403]
RNNB-2-6-20230512;[1361862]
RNNB-2-6-20240117;[1396355]
RNNB-2-7-20230512;[1722403]
RNNB-2-7-20240117;[1361862]
RNNB-2-8-20230512;[1363875]
RNNB-2-8-20240117;[1722403]
RNNB-2-9-20230512;[1361862]
RNNB-2-9-20240117;[1361862]
RNNB-3-1-20230512;[1363875]
RNNB-3-1-20240117;[1361862]
RNNB-3-10-20230512;[1361862]
RNNB-3-10-20240117;[1363875]
RNNB-3-11-20230512;[1361862]
RNNB-3-12-20230512;[1361862]
RNNB-3-2-20230512;[1722403]
RNNB-3-2-20240117;[1361862]
RNNB-3-3-20240117;[1361862]
RNNB-3-4-20230512;[1722403]
RNNB-3-4-20240117;[1361862]
RNNB-3-5-20230512;[1361862]
RNNB-3-5-20240117;[1363875]
RNNB-3-6-20230512;[1361862]
RNNB-3-6-20240117;[1722403]
RNNB-3-7-20230512;[1361862]
RNNB-3-7-20240117;[1363875]
RNNB-3-8-20230512;[1363875]
RNNB-3-8-20240117;[1396355]
RNNB-3-9-20230512;[1361862]
RNNB-3-9-20240117;[1396355]
RNNB-4-1-20240117;[1363875]
RNNB-4-1-20240118;[1363875]
RNNB-4-10-20240117;[1363875]
RNNB-4-10-20240118;[1361862]
RNNB-4-2-20240117;[1363875]
RNNB-4-2-20240118;[1363875]
RNNB-4-3-20240117;[1363875]
RNNB-4-3-20240118;[1396355]
RNNB-4-4-20240117;[1363875]
RNNB-4-4-20240118;[1361862]
RNNB-4-5-20240117;[1363875]
RNNB-4-5-20240118;[1396355]
RNNB-4-6-20240117;[1363875]
RNNB-4-6-20240118;[1361862]
RNNB-4-7-20240117;[1363875]
RNNB-4-7-20240118;[1361862]
RNNB-4-8-20240117;[1363875]
RNNB-4-8-20240118;[1361862]
RNNB-4-9-20240117;[1361862]
RNNB-4-9-20240118;[1396355]
RNNB-5-1-20240117;[1363875]
RNNB-5-1-20240118;[1396355]
RNNB-5-10-20240117;[1363875]
RNNB-5-10-20240118;[1361862]
RNNB-5-2-20240117;[1396355]
RNNB-5-2-20240118;[1396099]
RNNB-5-3-20240117;[1722403]
RNNB-5-3-20240118;[1363875]
RNNB-5-4-20240117;[1363875]
RNNB-5-4-20240118;[1722403]
RNNB-5-5-20240117;[1396355]
RNNB-5-5-20240118;[1722403]
RNNB-5-6-20240117;[1361862]
RNNB-5-6-20240118;[1396355]
RNNB-5-7-20240117;[1361862]
RNNB-5-7-20240118;[1396355]
RNNB-5-8-20240117;[1361862]
RNNB-5-8-20240118;[1361862]
RNNB-5-9-20240117;[1363875]
RNNB-5-9-20240118;[1363875]
RNNB-6-1-20240117;[1722403]
RNNB-6-1-20240118;[1363875]
RNNB-6-10-20240117;[1363875]
RNNB-6-10-20240118;[1363875]
RNNB-6-2-20240117;[1722403]
RNNB-6-2-20240118;[1363875]
RNNB-6-3-20240117;[1361862]
RNNB-6-3-20240118;[1363875]
RNNB-6-4-20240117;[1363875]
RNNB-6-4-20240118;[1722403]
RNNB-6-5-20240117;[1361862]
RNNB-6-5-20240118;[1363875]
RNNB-6-6-20240117;[1363875]
RNNB-6-6-20240118;[1363875]
RNNB-6-7-20240117;[1363875]
RNNB-6-7-20240118;[1361862]
RNNB-6-8-20240117;[1363875]
RNNB-6-8-20240118;[1722403]
RNNB-6-9-20240117;[1363875]
RNNB-6-9-20240118;[1363875]
RNNB-7-1-20240118;[1722403]
RNNB-7-10-20240118;[1363875]
RNNB-7-2-20240118;[1361862]
RNNB-7-3-20240118;[1361862]
RNNB-7-4-20240118;[1361862]
RNNB-7-5-20240118;[1363875]
RNNB-7-6-20240118;[1361862]
RNNB-7-7-20240118;[1361862]
RNNB-7-8-20240118;[1361862]
RNNB-7-9-20240118;[1363875]
RNNB-8-1-20240118;[1363875]
RNNB-8-10-20240118;[1363875]
RNNB-8-2-20240118;[1722403]
RNNB-8-3-20240118;[1361862]
RNNB-8-4-20240118;[1363875]
RNNB-8-5-20240118;[1363875]
RNNB-8-6-20240118;[1363875]
RNNB-8-7-20240118;[1722403]
RNNB-8-8-20240118;[1361862]
RNNB-8-9-20240118;[1361862]
